seq;mz;frag_mz;rt;m/z;frag_isotope;frag_label;status;Xpl1_007843_auto.mzdb.intensity;Xpl1_007843_auto.mzdb.scans_count;Xpl1_007843_auto.mzdb.area
GILAADESVGTMGNR;746.3687;1433.7053;24.24;746.369;first;y14;;0.00;0;0.00
GILAADESVGTMGNR;746.3687;1320.6212;24.24;746.369;first;y13;;74208.48;12;3877.17
GILAADESVGTMGNR;746.3687;1207.5372;24.24;746.369;first;y12;;649704.38;22;30504.83
GILAADESVGTMGNR;746.3687;1136.5001;24.24;746.369;first;y11;;908227.38;35;44758.44
GILAADESVGTMGNR;746.3687;1065.4629;24.24;746.369;first;y10;;878263.25;29;43974.63
GILAADESVGTMGNR;746.3687;950.436;24.24;746.369;first;y9;;683389.00;29;34532.21
GILAADESVGTMGNR;746.3687;821.3934;24.24;746.369;first;y8;;868940.13;34;44788.61
GILAADESVGTMGNR;746.3687;734.3614;24.24;746.369;first;y7;;484778.88;30;24615.98
GILAADESVGTMGNR;746.3687;635.293;24.24;746.369;first;y6;;1396293.13;40;68603.53
GILAADESVGTMGNR;746.3687;578.2715;24.24;746.369;first;y5;;240542.94;14;11417.91
GILAADESVGTMGNR;746.3687;477.2238;24.24;746.369;first;y4;;254682.67;16;11616.34
GILAADESVGTMGNR;746.3687;346.1833;24.24;746.369;first;y3;;283098.78;18;13315.86
GILAADESVGTMGNR;746.3687;289.1619;24.24;746.369;first;y2;;61295.17;9;2529.10
GILAADESVGTMGNR;746.3687;175.119;24.24;746.369;first;y1;;203989.95;16;10409.05
GILAADESVGTMGNR;746.3687;1434.7087;24.24;746.369;second;y14;;0.00;0;0.00
GILAADESVGTMGNR;746.3687;1321.6246;24.24;746.369;second;y13;;1076209.25;36;54968.22
GILAADESVGTMGNR;746.3687;1208.5405;24.24;746.369;second;y12;;4902850.50;93;243871.77
GILAADESVGTMGNR;746.3687;1137.5034;24.24;746.369;second;y11;;5952656.00;91;299645.81
GILAADESVGTMGNR;746.3687;1066.4663;24.24;746.369;second;y10;;4635702.00;95;242079.14
GILAADESVGTMGNR;746.3687;951.4394;24.24;746.369;second;y9;;2945032.75;71;147935.16
GILAADESVGTMGNR;746.3687;822.3968;24.24;746.369;second;y8;;2975308.50;67;151690.91
GILAADESVGTMGNR;746.3687;735.3647;24.24;746.369;second;y7;;1461388.38;52;73379.39
GILAADESVGTMGNR;746.3687;636.2963;24.24;746.369;second;y6;;3280602.75;67;167575.44
GILAADESVGTMGNR;746.3687;579.2749;24.24;746.369;second;y5;;559728.50;30;26929.70
GILAADESVGTMGNR;746.3687;478.2272;24.24;746.369;second;y4;;466741.31;25;23590.64
GILAADESVGTMGNR;746.3687;347.1867;24.24;746.369;second;y3;;391484.50;24;20058.09
GILAADESVGTMGNR;746.3687;290.1652;24.24;746.369;second;y2;;88199.99;11;3854.14
GILAADESVGTMGNR;746.3687;176.1223;24.24;746.369;second;y1;;267904.13;24;13403.12
ALQASALAAWGGK;622.845;1172.6422;27.76;622.845;first;y12;;0.00;0;0.00
ALQASALAAWGGK;622.845;1059.5582;27.76;622.845;first;y11;;52886.45;10;2435.62
ALQASALAAWGGK;622.845;931.4996;27.76;622.845;first;y10;;312430.88;39;16336.28
ALQASALAAWGGK;622.845;860.4625;27.76;622.845;first;y9;;418362.53;31;19158.62
ALQASALAAWGGK;622.845;773.4304;27.76;622.845;first;y8;;228040.30;23;10107.91
ALQASALAAWGGK;622.845;702.3933;27.76;622.845;first;y7;;294013.78;34;15105.80
ALQASALAAWGGK;622.845;589.3093;27.76;622.845;first;y6;;505487.94;56;26500.67
ALQASALAAWGGK;622.845;518.2722;27.76;622.845;first;y5;;375271.75;35;20265.44
ALQASALAAWGGK;622.845;447.235;27.76;622.845;first;y4;;668622.00;38;29832.26
ALQASALAAWGGK;622.845;261.1557;27.76;622.845;first;y3;;461578.19;36;24459.81
ALQASALAAWGGK;622.845;204.1343;27.76;622.845;first;y2;;131570.92;16;6800.60
ALQASALAAWGGK;622.845;147.1128;27.76;622.845;first;y1;;74587.92;15;3513.59
ALQASALAAWGGK;622.845;1173.6456;27.76;622.845;second;y12;;13851.22;4;411.47
ALQASALAAWGGK;622.845;1060.5615;27.76;622.845;second;y11;;674944.56;57;33112.86
ALQASALAAWGGK;622.845;932.5029;27.76;622.845;second;y10;;2532626.50;151;131210.48
ALQASALAAWGGK;622.845;861.4658;27.76;622.845;second;y9;;2373205.75;162;124996.18
ALQASALAAWGGK;622.845;774.4338;27.76;622.845;second;y8;;958856.94;65;51431.42
ALQASALAAWGGK;622.845;703.3967;27.76;622.845;second;y7;;1271850.00;78;64619.18
ALQASALAAWGGK;622.845;590.3126;27.76;622.845;second;y6;;1693269.63;113;87125.12
ALQASALAAWGGK;622.845;519.2755;27.76;622.845;second;y5;;1124776.88;78;58698.36
ALQASALAAWGGK;622.845;448.2384;27.76;622.845;second;y4;;1474783.38;115;74668.08
ALQASALAAWGGK;622.845;262.1591;27.76;622.845;second;y3;;830409.31;62;40301.10
ALQASALAAWGGK;622.845;205.1376;27.76;622.845;second;y2;;215480.41;23;10393.78
ALQASALAAWGGK;622.845;148.1162;27.76;622.845;second;y1;;93441.72;14;5109.93
LSFSYGR;415.7155;716.3362;22.78;415.716;first;y6;;773178.44;81;44081.83
LSFSYGR;415.7155;629.3042;22.78;415.716;first;y5;;931468.50;90;53577.09
LSFSYGR;415.7155;482.2358;22.78;415.716;first;y4;;1171787.50;103;69269.05
LSFSYGR;415.7155;395.2037;22.78;415.716;first;y3;;373941.41;45;22639.85
LSFSYGR;415.7155;232.1404;22.78;415.716;first;y2;;191247.14;26;10039.24
LSFSYGR;415.7155;175.119;22.78;415.716;first;y1;;329435.25;45;20267.92
LSFSYGR;415.7155;717.3396;22.78;415.716;second;y6;;12636103.00;856;804781.44
LSFSYGR;415.7155;630.3075;22.78;415.716;second;y5;;9761887.00;828;616044.44
LSFSYGR;415.7155;483.2391;22.78;415.716;second;y4;;5816082.00;562;358717.34
LSFSYGR;415.7155;396.2071;22.78;415.716;second;y3;;1621288.00;142;94766.54
LSFSYGR;415.7155;233.1438;22.78;415.716;second;y2;;441645.44;49;25509.36
LSFSYGR;415.7155;176.1223;22.78;415.716;second;y1;;854637.00;98;51043.42
ELSEIAQSIVANGK;730.3952;1329.7373;28.24;730.395;first;y13;;0.00;0;0.00
ELSEIAQSIVANGK;730.3952;1216.6532;28.24;730.395;first;y12;;101323.58;11;4788.53
ELSEIAQSIVANGK;730.3952;1129.6212;28.24;730.395;first;y11;;55746.34;8;2521.93
ELSEIAQSIVANGK;730.3952;1000.5786;28.24;730.395;first;y10;;199446.08;13;9431.47
ELSEIAQSIVANGK;730.3952;887.4945;28.24;730.395;first;y9;;772115.00;26;37331.71
ELSEIAQSIVANGK;730.3952;816.4574;28.24;730.395;first;y8;;282222.91;15;13269.18
ELSEIAQSIVANGK;730.3952;688.3988;28.24;730.395;first;y7;;458315.47;22;21967.14
ELSEIAQSIVANGK;730.3952;601.3668;28.24;730.395;first;y6;;169654.86;15;7994.43
ELSEIAQSIVANGK;730.3952;488.2827;28.24;730.395;first;y5;;497153.13;20;23996.29
ELSEIAQSIVANGK;730.3952;389.2143;28.24;730.395;first;y4;;664593.19;24;31440.40
ELSEIAQSIVANGK;730.3952;318.1772;28.24;730.395;first;y3;;398520.56;19;18728.24
ELSEIAQSIVANGK;730.3952;204.1343;28.24;730.395;first;y2;;265878.34;18;12753.17
ELSEIAQSIVANGK;730.3952;147.1128;28.24;730.395;first;y1;;61110.00;9;2480.26
ELSEIAQSIVANGK;730.3952;1330.7406;28.24;730.395;second;y13;;15512.94;5;472.98
ELSEIAQSIVANGK;730.3952;1217.6565;28.24;730.395;second;y12;;1147950.25;31;55148.40
ELSEIAQSIVANGK;730.3952;1130.6245;28.24;730.395;second;y11;;446171.00;20;20742.40
ELSEIAQSIVANGK;730.3952;1001.5819;28.24;730.395;second;y10;;1095479.38;28;54538.33
ELSEIAQSIVANGK;730.3952;888.4979;28.24;730.395;second;y9;;3267112.25;53;158571.94
ELSEIAQSIVANGK;730.3952;817.4607;28.24;730.395;second;y8;;1016972.81;27;49350.71
ELSEIAQSIVANGK;730.3952;689.4022;28.24;730.395;second;y7;;1290192.13;33;64312.24
ELSEIAQSIVANGK;730.3952;602.3701;28.24;730.395;second;y6;;442871.81;18;21242.47
ELSEIAQSIVANGK;730.3952;489.2861;28.24;730.395;second;y5;;993107.00;34;47962.22
ELSEIAQSIVANGK;730.3952;390.2177;28.24;730.395;second;y4;;1176399.63;30;54390.58
ELSEIAQSIVANGK;730.3952;319.1805;28.24;730.395;second;y3;;608448.31;19;28943.89
ELSEIAQSIVANGK;730.3952;205.1376;28.24;730.395;second;y2;;353959.31;18;15878.08
ELSEIAQSIVANGK;730.3952;148.1162;28.24;730.395;second;y1;;77605.96;10;3367.60
ETTIQGLDGLSER;710.3614;1289.6696;25.62;710.361;first;y12;;0.00;0;0.00
ETTIQGLDGLSER;710.3614;1188.6219;25.62;710.361;first;y11;;97460.20;13;4360.64
ETTIQGLDGLSER;710.3614;1087.5742;25.62;710.361;first;y10;;234725.75;18;10905.30
ETTIQGLDGLSER;710.3614;974.4901;25.62;710.361;first;y9;;1246673.25;38;59183.71
ETTIQGLDGLSER;710.3614;846.4316;25.62;710.361;first;y8;;1997134.63;47;100580.91
ETTIQGLDGLSER;710.3614;789.4101;25.62;710.361;first;y7;;304918.75;15;13826.77
ETTIQGLDGLSER;710.3614;676.326;25.62;710.361;first;y6;;653885.69;30;33370.36
ETTIQGLDGLSER;710.3614;561.2991;25.62;710.361;first;y5;;1337803.25;41;68233.61
ETTIQGLDGLSER;710.3614;504.2776;25.62;710.361;first;y4;;62442.27;12;2975.56
ETTIQGLDGLSER;710.3614;391.1936;25.62;710.361;first;y3;;357162.00;20;17749.25
ETTIQGLDGLSER;710.3614;304.1615;25.62;710.361;first;y2;;73732.66;12;3441.15
ETTIQGLDGLSER;710.3614;175.119;25.62;710.361;first;y1;;391831.28;19;17954.45
ETTIQGLDGLSER;710.3614;1290.6729;25.62;710.361;second;y12;;49317.27;9;2183.71
ETTIQGLDGLSER;710.3614;1189.6252;25.62;710.361;second;y11;;1253493.50;36;62124.75
ETTIQGLDGLSER;710.3614;1088.5776;25.62;710.361;second;y10;;1756169.25;53;89408.06
ETTIQGLDGLSER;710.3614;975.4935;25.62;710.361;second;y9;;6414290.00;120;326265.25
ETTIQGLDGLSER;710.3614;847.4349;25.62;710.361;second;y8;;8366928.00;120;414702.97
ETTIQGLDGLSER;710.3614;790.4135;25.62;710.361;second;y7;;976864.31;30;48689.18
ETTIQGLDGLSER;710.3614;677.3294;25.62;710.361;second;y6;;1858738.13;44;91597.77
ETTIQGLDGLSER;710.3614;562.3025;25.62;710.361;second;y5;;3210449.25;71;162723.44
ETTIQGLDGLSER;710.3614;505.281;25.62;710.361;second;y4;;155667.48;15;7478.78
ETTIQGLDGLSER;710.3614;392.1969;25.62;710.361;second;y3;;620567.56;28;28604.09
ETTIQGLDGLSER;710.3614;305.1649;25.62;710.361;second;y2;;154812.78;14;5911.05
ETTIQGLDGLSER;710.3614;176.1223;25.62;710.361;second;y1;;490234.94;28;24409.50
